<?xml version="1.0" encoding="UTF-8" standalone="no"?>
<!-- WARNING: Eclipse auto-generated file.
              Any modifications will be overwritten.
              To include a user specific buildfile here, simply create one in the same
              directory with the processing instruction <?eclipse.ant.import?>
              as the first entry and export the buildfile again. --><project basedir="." default="build" name="soot-infoflow-android">
    <property environment="env"/>
    <property name="ECLIPSE_HOME" value="/Users/zhiyongshan/Downloads/eclipse 2"/>
    <property name="soot-infoflow.location" value="../soot-infoflow"/>
    <property name="heros.location" value="../heros"/>
    <property name="jasmin.location" value="../jasmin"/>
    <property name="soot.location" value="../soot"/>
    <property name="soot-infoflow-android.location" value="."/>
    <property name="debuglevel" value="source,lines,vars"/>
    <property name="target" value="1.7"/>
    <property name="source" value="1.7"/>
    <path id="jasmin.classpath">
        <pathelement location="${jasmin.location}/classes"/>
        <pathelement location="${jasmin.location}/libs/java_cup.jar"/>
    </path>
    <path id="Plug-in Dependencies.libraryclasspath"/>
    <path id="heros.classpath">
        <path refid="Plug-in Dependencies.libraryclasspath"/>
        <pathelement location="${heros.location}/bin"/>
        <pathelement location="${heros.location}/guava-14.0.1.jar"/>
        <pathelement location="${heros.location}/slf4j-api-1.7.5.jar"/>
        <pathelement location="${heros.location}/slf4j-simple-1.7.5.jar"/>
        <pathelement location="${heros.location}/junit.jar"/>
        <pathelement location="${heros.location}/org.hamcrest.core_1.3.0.jar"/>
    </path>
    <path id="soot.classpath">
        <pathelement location="${soot.location}/classes"/>
        <path refid="jasmin.classpath"/>
        <path refid="heros.classpath"/>
        <pathelement location="${soot.location}/libs/polyglot.jar"/>
        <pathelement location="${soot.location}/libs/AXMLPrinter2.jar"/>
        <pathelement location="${soot.location}/libs/hamcrest-all-1.3.jar"/>
        <pathelement location="${soot.location}/libs/junit-4.11.jar"/>
        <pathelement location="${soot.location}/libs/dexlib2-2.0.3-dev.jar"/>
        <pathelement location="${soot.location}/libs/util-2.0.3-dev.jar"/>
        <pathelement location="${soot.location}/libs/asm-debug-all-5.0.3.jar"/>
    </path>
    <path id="JUnit 4.libraryclasspath">
        <pathelement location="${ECLIPSE_HOME}/plugins/org.junit_4.11.0.v201303080030/junit.jar"/>
        <pathelement location="${ECLIPSE_HOME}/plugins/org.hamcrest.core_1.3.0.v201303031735.jar"/>
    </path>
    <path id="soot-infoflow.classpath">
        <path refid="Plug-in Dependencies.libraryclasspath"/>
        <pathelement location="${soot-infoflow.location}/bin"/>
        <path refid="soot.classpath"/>
        <path refid="heros.classpath"/>
        <pathelement location="${soot-infoflow.location}/lib/cos.jar"/>
        <pathelement location="${soot-infoflow.location}/lib/j2ee.jar"/>
        <pathelement location="${soot-infoflow.location}/lib/slf4j-api-1.7.5.jar"/>
        <pathelement location="${soot-infoflow.location}/lib/slf4j-simple-1.7.5.jar"/>
        <path refid="JUnit 4.libraryclasspath"/>
        <pathelement location="${soot-infoflow.location}/../../Downloads/xmlpull_1_0_5.jar"/>
        <path refid="soot-infoflow-android.classpath"/>
        <pathelement location="${soot-infoflow.location}/../android.jar"/>
        <pathelement location="${soot-infoflow.location}/../jlibs-core.jar"/>
    </path>
    <path id="soot-infoflow-android.classpath">
        <pathelement location="bin"/>
        <path refid="soot.classpath"/>
        <pathelement location="lib/polyglot.jar"/>
        <pathelement location="lib/AXMLPrinter2.jar"/>
        <path refid="soot-infoflow.classpath"/>
        <path refid="JUnit 4.libraryclasspath"/>
        <pathelement location="lib/axml-2.0.jar"/>
        <pathelement location="${soot-infoflow.location}/lib/slf4j-api-1.7.5.jar"/>
        <pathelement location="${soot-infoflow.location}/lib/slf4j-simple-1.7.5.jar"/>
    	<pathelement location="./*.jar"/>
    </path>
    <target name="init">
        <mkdir dir="bin"/>
        <copy includeemptydirs="false" todir="bin">
            <fileset dir="src">
                <exclude name="**/*.java"/>
            </fileset>
        </copy>
        <copy includeemptydirs="false" todir="bin">
            <fileset dir="test">
                <exclude name="**/*.java"/>
            </fileset>
        </copy>
    </target>
    <target name="clean">
        <delete dir="bin"/>
    </target>
    <target depends="clean" name="cleanall">
        <ant antfile="build.xml" dir="${heros.location}" inheritAll="false" target="clean"/>
        <ant antfile="build.xml" dir="${jasmin.location}" inheritAll="false" target="clean"/>
        <ant antfile="build.xml" dir="${soot.location}" inheritAll="false" target="clean"/>
        <ant antfile="build.xml" dir="${soot-infoflow.location}" inheritAll="false" target="clean"/>
        <ant antfile="build.xml" dir="${soot-infoflow-android.location}" inheritAll="false" target="clean"/>
    </target>
    <target depends="build-subprojects,build-project" name="build"/>
    <target name="build-subprojects">
        <ant antfile="build.xml" dir="${heros.location}" inheritAll="false" target="build-project"/>
        <ant antfile="build.xml" dir="${jasmin.location}" inheritAll="false" target="build-project"/>
        <ant antfile="build.xml" dir="${soot.location}" inheritAll="false" target="build-project"/>
        <ant antfile="build.xml" dir="${soot-infoflow.location}" inheritAll="false" target="build-project"/>
        <ant antfile="build.xml" dir="${soot-infoflow-android.location}" inheritAll="false" target="build-project"/>
    </target>
    <target depends="init" name="build-project">
        <echo message="${ant.project.name}: ${ant.file}"/>
        <javac debug="true" debuglevel="${debuglevel}" destdir="bin" includeantruntime="false" source="${source}" target="${target}">
            <src path="src"/>
            <src path="test"/>
        <!--    <classpath refid="soot-infoflow-android.classpath"/> -->
        	<classpath>
        					<pathelement location="${soot.location}/classes" />
        					<pathelement location="${heros.location}/bin" />
        					<pathelement location="${soot-infoflow.location}/bin" />
        					<fileset dir="lib">
        						<include name="*.jar" />
        					</fileset>
        					<fileset dir="..">
        						<include name="*.jar" />
        					</fileset>
        	</classpath>
        </javac>
    </target>
    <target name="jar" depends="build">
        <mkdir dir="build/jar" />
        <jar destfile="../soot-infoflow-android.jar" basedir="${soot-infoflow-android.location}/bin/">
            <manifest>
                <attribute name="Main-Class" value="soot.jimple.infoflow.android.TestApps.Test" />
                <!-- <attribute name="Main-Class" value="?"/>-->
            	<attribute name="Class-Path" value="soot-infoflow-android.classpath"/>
            </manifest>
        </jar>
    </target>
    <target description="Build all projects which reference this project. Useful to propagate changes." name="build-refprojects">
        <ant antfile="build.xml" dir="${soot-infoflow.location}" inheritAll="false" target="clean"/>
        <ant antfile="build.xml" dir="${soot-infoflow.location}" inheritAll="false" target="build"/>
    </target>
    <target name="Test (1)">
        <java classname="soot.jimple.infoflow.android.TestApps.Test" failonerror="true" fork="yes">
            <arg line="&quot;/Users/zhiyongshan/projects2/Demo.apk&quot; /Users/zhiyongshan/adt/sdk/platforms"/>
            <classpath refid="soot-infoflow-android.classpath"/>
        </java>
    </target>
    <target name="Test (2)">
        <java classname="soot.jimple.infoflow.android.TestApps.Test" failonerror="true" fork="yes">
            <arg line="&quot;/Users/zhiyongshan/apps/com.surpax.ledflashlight.panel-1.0.4.apk&quot; /Users/zhiyongshan/adt/sdk/platforms  --nostatic  --aliasflowins"/>
            <classpath refid="soot-infoflow-android.classpath"/>
        </java>
    </target>
    <target name="Test (3)">
        <java classname="soot.jimple.infoflow.android.TestApps.Test" failonerror="true" fork="yes">
            <arg line="&quot;/Users/zhiyongshan/a3e/apks/BBC_News_2.5.5.apk&quot; /Users/zhiyongshan/adt/sdk/platforms"/>
            <classpath refid="soot-infoflow-android.classpath"/>
        </java>
    </target>
    <target name="Test (4)">
        <java classname="soot.jimple.infoflow.android.TestApps.Test" failonerror="true" fork="yes">
            <arg line="&quot;/Users/zhiyongshan/projects/WordSearch/bin/WordSearch.apk&quot; /Users/zhiyongshan/adt/sdk/platforms -Xms512M -Xmx1524M"/>
            <classpath refid="soot-infoflow-android.classpath"/>
        </java>
    </target>
    <target name="Test">
        <java classname="soot.jimple.infoflow.android.TestApps.Test" failonerror="true" fork="yes">
            <arg line="&quot;/Users/zhiyongshan/apps/com.mikail.android.elfeneri-1.2.apk&quot; /Users/zhiyongshan/adt/sdk/platforms  --SINGLEFLOW"/>
            <classpath refid="soot-infoflow-android.classpath"/>
        </java>
    </target>
</project>
